scenario,num_days,total_episodes,att_reward_mean,def_reward_mean,win_rate,stab_episode_att,stab_episode_def,entropy_att_mean,entropy_def_mean,entropy_gap,q_att_max,q_att_min,q_def_max,q_def_min,best_att_strat,best_def_strat,topk_att_cov_final,topk_def_cov_final,att_def_reward_ratio,month,run_id,seed
R0,31,30000,1.0642046331470183,8.411792850699124,0.6602666666666667,,,0.8542007475606757,0.8735992178994428,-0.0193984703387671,1.121331346411958,0.1137421983571044,9.065476732678745,4.332769143339507,A3,D2,0.1741616841321067,0.8258383158678932,0.1265134142073612,january,1,11097
R0,31,30000,1.0784581393287878,8.387048110021832,0.654,,,0.8593870073307479,0.9152802771114864,-0.0558932697807385,1.109617896094366,0.3126327795885679,8.75783496543993,5.122045148963702,A3,D2,0.1741616841321067,0.8258383158678932,0.1285861396264222,january,2,11098
R0,31,30000,1.0755754474967525,8.37021051651455,0.6683333333333333,,,0.8453472633742634,0.8851921048285271,-0.0398448414542637,1.683365987489999,0.2082883489863888,8.840465947309209,3.294445704602904,A3,D2,1.0,0.0,0.1285004057394525,january,3,11099
R0,31,30000,1.0620587711749867,8.394379778732615,0.6675333333333333,,,0.8415003556615358,0.8779725822751165,-0.0364722266135807,0.8272050881309534,0.2207048940682063,9.265985495625824,4.9858837767735205,A3,D2,0.1741616841321067,0.8258383158678932,0.1265202193812747,january,4,11100
R0,31,30000,1.104778017312816,8.353659475523957,0.6608333333333334,,,0.8205495831261761,0.8745108572461565,-0.0539612741199804,1.345474632364322,0.1887303006802491,8.926210791403262,3.233694012279749,A3,D6,0.1741616841321067,0.8258383158678932,0.1322507842879868,january,5,11101
R0,31,30000,1.104098236960527,8.359828866441571,0.6752333333333334,,,0.8062620722966436,0.8742725910948221,-0.0680105187981785,1.5292592231462618,0.3204362183529432,9.521428425839142,4.161353967142119,A2,D2,0.0,1.0,0.1320718706805891,january,6,11102
R0,31,30000,1.085145080563431,8.373652790872123,0.6724666666666667,,,0.8397861902961383,0.8740875363723017,-0.0343013460761634,0.7699375144133821,0.2515960955617949,9.339150843213542,4.119555102900328,A3,D2,0.1741616841321067,0.8258383158678932,0.129590407873887,january,7,11103
R0,31,30000,1.0497994576379364,8.416972499646253,0.6666333333333333,,,0.8588140130329154,0.8776707310733266,-0.0188567180404112,1.813775609971384,0.3308084676238405,8.848947344726177,3.7628006745018574,A3,D6,0.1741616841321067,0.8258383158678932,0.1247241163829461,january,8,11104
R0,31,30000,1.0638856358431072,8.404181432472544,0.6617666666666666,,,0.8523295441994003,0.8740937907840399,-0.0217642465846396,1.6969239580501636,0.3961820065532038,8.924494671201458,4.41922882184178,A3,D2,0.1741616841321067,0.8258383158678932,0.1265900366848824,january,9,11105
R0,31,30000,1.1212897258993713,8.339611265862267,0.66,,,0.8444136683737552,0.8818644066728493,-0.037450738299094,2.0178758498825977,0.2275492248668949,9.07624447707987,3.9442520336788354,A3,D2,0.0,1.0,0.1344534763256062,january,10,11106
R1,31,30000,0.6395116092909472,8.862574180225316,0.5625,,,1.2218692940844726,0.7262675477012243,0.4956017463832484,0.1858170208134437,0.1249756090211972,9.835566993652762,3.317295638291628,A4,D5,0.0,1.0,0.0721586749274112,january,1,53393
R1,31,30000,0.651598586841202,8.855436985409685,0.5743333333333334,,,1.1824077330946556,0.7156124070466833,0.4667953260479723,0.5779112611020985,0.1117290111824484,9.81380150393887,5.192541347466275,A2,D5,0.0,1.0,0.0735817541149898,january,2,53394
R1,31,30000,0.5865826817339194,8.926697406998853,0.5556666666666666,,,1.2252839953676162,0.7159597625972544,0.5093242327703619,0.3369180549912076,0.1110476519889667,9.668436284363322,5.937955049161308,A3,D5,0.1741616841321067,0.8258383158678932,0.065711052474347,january,3,53395
R1,31,30000,0.6422424454821448,8.872630465715181,0.5596333333333333,,,1.184227918866951,0.7813115995959243,0.4029163192710263,0.8364909869467939,0.1078200404037157,9.6960620937017,4.301058503074479,A3,D5,0.0,1.0,0.0723846719373516,january,4,53396
R1,31,30000,0.6520244590724041,8.86352102972562,0.5496,,,1.1603174404092331,0.7172724740396391,0.443044966369594,0.1570480985284444,0.0929206017518488,9.824642030484826,6.747136639416807,A4,D5,0.0,1.0,0.0735626910440791,january,5,53397
R1,31,30000,0.627897907613423,8.87480712673214,0.5649666666666666,,,1.189056770464131,0.7177835791876882,0.4712731912764428,0.1629724991272018,0.1367389222842092,9.950799935952167,4.650058307166663,A4,D5,0.0,1.0,0.0707505975788598,january,6,53398
R1,31,30000,0.6638380712567512,8.838440048640752,0.5639666666666666,,,1.1579389258648956,0.7535298647742424,0.4044090610906531,0.2346827866308016,0.1534768638842173,9.825095050389596,6.70899966752548,A3,D5,0.0,1.0,0.0751080583907837,january,7,53399
R1,31,30000,0.6469421068982525,8.8599275064703,0.5725666666666667,,,1.1453403561069786,0.6892584362360034,0.4560819198709752,1.038366931475632,0.1091066178413749,9.78953246222035,4.64093562094681,A3,D5,0.0,1.0,0.0730188939385563,january,8,53400
R1,31,30000,0.5798722607608275,8.924133065927231,0.5514666666666667,,,1.237750209016807,0.7469693336244806,0.4907808753923265,1.1124233922302618,0.1853861173494598,8.89766493592905,4.227961100694492,A3,D2,0.1741616841321067,0.8258383158678932,0.0649779935459285,january,9,53401
R1,31,30000,0.6440467429196457,8.862047231613978,0.558,,,1.1852643884687857,0.733973338727355,0.4512910497414304,0.4506007663465282,0.1219301172732766,9.59077895945028,5.9154173823937946,A3,D5,0.0,1.0,0.0726747134253707,january,10,53402
R2,31,30000,1.315304889692842,8.049944163394233,0.6831,,,0.9854522204550404,0.9937573412717357,-0.0083051208166953,1.0439919597835228,0.6248617395481256,8.990307750486785,3.2462782835104123,A3,D6,0.1741616841321067,0.8258383158678932,0.1633930450938988,january,1,20817
R2,31,30000,1.326253718982606,8.034932701133068,0.6706,,,1.0164711114817306,1.001317766234691,0.0151533452470395,1.0816022327953967,0.4202706719567138,8.977891099329232,3.851516547550805,A3,D6,0.1741616841321067,0.8258383158678932,0.1650609617172749,january,2,20818
R2,31,30000,1.319210587469222,8.046016408989507,0.6765,,,1.0314593127062317,1.001794349293461,0.0296649634127708,1.1964237444314063,0.595622959453264,8.632511633836943,2.7697038496565254,A3,D6,0.1741616841321067,0.8258383158678932,0.1639582273279132,january,3,20819
R2,31,30000,1.341481819091286,8.012122646999732,0.6869,,,1.0136668194359084,0.97289226530936,0.0407745541265484,2.128267773865023,0.9088027073816992,8.695856353271001,4.810635334470675,A2,D6,0.1741616841321067,0.8258383158678932,0.1674315132449483,january,4,20820
R2,31,30000,1.3218592623822114,8.051850656220894,0.6835,,,0.951207901115362,0.9522044544645956,-0.0009965533492334,1.5983129228383717,0.618712633012143,8.84866083039262,3.8623137602966753,A2,D6,0.1741616841321067,0.8258383158678932,0.1641683780313209,january,5,20821
R2,31,30000,1.3373908083609274,8.028774482010848,0.6825,,,0.9729988945737458,0.9451351664750572,0.0278637280986885,2.0315594068148184,0.2852731510894712,8.815070449353314,4.487303732805457,A2,D6,0.1741616841321067,0.8258383158678932,0.1665747134083122,january,6,20822
R2,31,30000,1.3112313347208575,8.063095608301927,0.6778333333333333,,,0.9787082425299384,0.9745286892926762,0.0041795532372622,1.0199063665941048,0.7221614339544625,8.812053989814837,3.24012622178323,A3,D2,0.0557244491983543,0.9442755508016456,0.1626213303697884,january,7,20823
R2,31,30000,1.2965571499755442,8.091292969127904,0.6788333333333333,,,0.9825899703590948,0.9710937897259204,0.0114961806331743,2.5411989024830564,0.5478245700718777,8.615537136151799,4.331118464070701,A5,D6,0.8258383158678932,0.1741616841321067,0.1602410337782256,january,8,20824
R2,31,30000,1.301050776600854,8.071705568537377,0.6766,,,0.9884157789849928,0.9595740988582334,0.0288416801267592,1.2461004348137823,0.8150285752675327,8.709289422869343,3.547123804751428,A2,D6,0.1741616841321067,0.8258383158678932,0.1611865999761199,january,9,20825
R2,31,30000,1.2917968112506453,8.092754053305772,0.6714,,,1.0084230609114933,0.9630151516406532,0.0454079092708399,0.6847911122566201,0.6341845498112612,9.341329482671696,6.520137980839467,A1,D6,0.0,1.0,0.1596238811585983,january,10,20826
R3,31,30000,0.619706149339742,8.892795038850332,0.5391,,,1.2251926892797051,0.7135932663729742,0.511599422906731,0.1576472445245529,0.1039864531616443,9.82839924543807,4.316368485686258,A4,D5,0.0,1.0,0.0696863187144655,january,1,31881
R3,31,30000,0.5752650221519201,8.933786821778563,0.5329,,,1.2597462702332751,0.7002844687882175,0.5594618014450579,0.1872204531704243,0.1519206754417524,9.89068900005665,4.918455801716887,A2,D5,0.0,1.0,0.0643920695252715,january,2,31882
R3,31,30000,0.6222151456570145,8.886328078308685,0.5393666666666667,,,1.2392613694858556,0.6888762638854602,0.5503851056003954,0.1816485815131255,0.1454881585247986,9.85574345339435,4.412050477526535,A1,D5,0.0,1.0,0.0700193758517454,january,3,31883
R3,31,30000,0.6263453204403069,8.86897805666586,0.535,,,1.2058498455685818,0.6976356671920199,0.5082141783765619,0.5877774554903394,0.18395130634937,9.430972949186003,5.353429394451667,A3,D5,0.1741616841321067,0.8258383158678932,0.0706220397027085,january,4,31884
R3,31,30000,0.6588208076568185,8.832270831447744,0.5552,,,1.1839911829420149,0.7389805617652212,0.4450106211767937,0.4934860547272813,0.1486348064597021,9.419335213399288,4.886094155757651,A3,D5,0.0557244491983543,0.9442755508016456,0.0745924598814445,january,5,31885
R3,31,30000,0.6686880358569408,8.842665356457548,0.5422,,,1.1982206631929548,0.7323545954997592,0.4658660676931956,0.4807297040488105,0.081461263223948,9.694067930229254,5.241735101633452,A5,D5,0.0,1.0,0.0756206425213883,january,6,31886
R3,31,30000,0.6422579892876009,8.872170658531296,0.5488333333333333,,,1.2085980941307686,0.7256343056177029,0.4829637885130656,0.2914854404902912,0.0801038182126844,9.816842104715391,3.9739688689377255,A4,D5,0.0,1.0,0.0723901753028182,january,7,31887
R3,31,30000,0.6351736567024994,8.895087010014265,0.5407,,,1.1580212344544316,0.7297943625785885,0.4282268718758431,0.3527675274540905,0.1429455811378301,9.823451880051689,6.201221559751592,A3,D5,0.0,1.0,0.0714072449192917,january,8,31888
R3,31,30000,0.6133065910442143,8.906749321542605,0.5326666666666666,,,1.2385357183039178,0.7091823699383047,0.5293533483656131,0.1681788273269905,0.1190189500509549,9.751670419068342,4.806072936580621,A1,D5,0.0,1.0,0.0688586339306552,january,9,31889
R3,31,30000,0.6000278157006036,8.914870722886114,0.5386,,,1.2385469855661468,0.7122152111986115,0.5263317743675353,0.911135543360566,0.0875868244334089,9.738999583755406,7.0071459689765305,A3,D5,0.0,1.0,0.0673063956115731,january,10,31890
R0,31,31000,1.3524182888270662,8.369171815156474,0.6666129032258065,,,0.9789970723629466,1.0174042356721642,-0.0384071633092175,1.3284498958630446,0.6787415197788034,8.029792355052805,6.599393510880871,A1,D3,0.5056733583592375,0.4943266416407625,0.1615952353108407,may,1,29793
R0,31,31000,1.2782648539248054,8.454680585370253,0.6685161290322581,,,0.9667323312090064,0.9899921308510168,-0.0232597996420104,1.134343428505126,0.6770410128495211,9.119473299321978,7.136829309322481,A3,D6,0.5056733583592375,0.4943266416407625,0.151190200625282,may,2,29794
R0,31,31000,1.2806313779987777,8.418644770000114,0.6657741935483871,,,1.0341097691229506,1.0468998884627907,-0.01279011933984,1.6465136978532524,0.426966847307667,8.39378574551777,7.014066409345707,A3,D6,0.5056733583592375,0.4943266416407625,0.1521184719139491,may,3,29795
R0,31,31000,1.325909997083636,8.391255758224835,0.6484193548387097,,,1.0079543727979392,1.083619937614928,-0.0756655648169888,1.3970047618538155,0.7875625546042188,9.14060266786451,6.740403366431755,A3,D2,0.2294306629054702,0.7705693370945298,0.158010914610012,may,4,29796
R0,31,31000,1.2655090245138878,8.44180693603209,0.6478387096774193,,,1.0256725420583643,1.0174023571605637,0.0082701848978008,1.53873376017818,0.5689023662578547,8.216993137565579,6.782516801106278,A3,D2,0.2294306629054702,0.7705693370945298,0.1499097330824194,may,5,29797
R0,31,31000,1.3129761895814516,8.381383461530568,0.6610322580645162,,,1.0287110983252628,1.0429397410018284,-0.0142286426765656,1.456031667922678,0.4624555227324304,9.079367592160605,7.171165616426133,A3,D2,0.2294306629054702,0.7705693370945298,0.156653874101792,may,6,29798
R0,31,31000,1.329027728855929,8.378005409356811,0.6665806451612903,,,0.9703763356529213,1.0389203822363198,-0.0685440465833985,1.4461950574204303,0.4792754854645373,8.954837245657997,6.435854554380921,A3,D2,0.2294306629054702,0.7705693370945298,0.158632951868428,may,7,29799
R0,31,31000,1.293273670923432,8.402604340251715,0.6651612903225806,,,0.9930267339968404,1.025918377779628,-0.0328916437827876,3.0002631674852167,0.8936453306225467,8.318135371854826,6.975869120014609,A5,D3,0.4943266416407625,0.5056733583592375,0.1539134319020773,may,8,29800
R0,31,31000,1.293706534868981,8.428595447348041,0.6535483870967742,,,1.0197190032287269,1.0002761154009636,0.019442887827763,1.0786815528954004,0.5212481732828615,8.954413738359786,6.903316106814056,A3,D6,0.5056733583592375,0.4943266416407625,0.153490168433227,may,9,29801
R0,31,31000,1.272620790744427,8.427674482859532,0.6604193548387097,,,0.9504314447900551,1.009735899677645,-0.0593044548875901,0.9116581965008236,0.4312191122340315,9.08965910523651,6.7449250208324365,A1,D6,0.0,1.0,0.151004976916553,may,10,29802
R1,31,31000,0.7545435494059785,9.021928266655491,0.5882903225806452,,,1.3599967156956934,0.7130804345125528,0.6469162811831406,0.8472189784600221,0.41849941425701,9.574841703065305,7.123588916947041,A5,D5,0.0,1.0,0.0836343991111885,may,1,46177
R1,31,31000,0.7547219812879089,9.027449134177347,0.5827096774193549,,,1.431710435764187,0.7011256265950044,0.7305848091691826,1.4009011496630124,0.230833004147439,9.040970994344338,7.051580884878307,A3,D2,0.2294306629054702,0.7705693370945298,0.0836030167625735,may,2,46178
R1,31,31000,0.7275778247940913,9.050776695520836,0.5846451612903226,,,1.4111769430844212,0.709809948350355,0.7013669947340662,0.7260556525892875,0.4363643628648171,9.376368220246484,7.4984059906229215,A3,D5,0.0,1.0,0.0803884406024694,may,3,46179
R1,31,31000,0.7509850978261561,9.041159918297987,0.5768709677419355,,,1.3988994399590762,0.7488994281455641,0.6500000118135121,0.690615876024236,0.4685658483832255,8.684013129489182,7.624072259298494,A1,D3,0.0,1.0,0.0830629150034468,may,4,46180
R1,31,31000,0.744143945822389,9.053040499042426,0.5806774193548387,,,1.4026031740553713,0.7218586854897511,0.6807444885656202,1.1353857852870306,0.4993596999922056,9.15376937293107,6.733976261732566,A3,D5,1.0,0.0,0.0821982344938255,may,5,46181
R1,31,31000,0.716207928132442,9.051578749761386,0.5741290322580646,,,1.409655690500348,0.7609099049231179,0.64874578557723,0.8309933753165721,0.4888539370254909,9.480649758738638,6.308070770001245,A5,D5,0.0,1.0,0.0791251943923398,may,6,46182
R1,31,31000,0.7223952929427649,9.06858668571896,0.582,,,1.3895200356197803,0.7279967983842305,0.6615232372355501,0.8841597572962465,0.4487976305036056,8.612784818255356,7.259018967938196,A2,D2,0.0,1.0,0.0796590822779893,may,7,46183
R1,31,31000,0.7446298152362713,9.048087860782932,0.5832258064516129,,,1.393669419815592,0.692674982930353,0.7009944368852391,0.842401490462896,0.1641696788856138,9.53198324473933,7.332667034699096,A5,D5,0.0,1.0,0.0822969257917703,may,8,46184
R1,31,31000,0.7362083045537691,9.056593461791945,0.5808709677419355,,,1.3382393066130238,0.7177908149339496,0.6204484916790742,0.9341561097899032,0.3553815455980754,9.149877355006655,7.888767831617422,A5,D5,0.4943266416407625,0.5056733583592375,0.081289759517162,may,9,46185
R1,31,31000,0.7128766224862199,9.06849419853009,0.5770967741935484,,,1.4310482882219844,0.6696860613995046,0.7613622268224798,1.3447988639318873,0.4562204647990748,9.10092259822485,6.9058910687355,A3,D2,0.2294306629054702,0.7705693370945298,0.0786102529129665,may,10,46186
R2,31,31000,1.4460623603889902,8.190638761568144,0.6701935483870968,,,1.0205657186643449,1.0597155015146582,-0.0391497828503133,2.420311013087871,0.9518880739809428,7.948088860732234,6.948453979167078,A5,D6,0.0,1.0,0.1765506210790492,may,1,48625
R2,31,31000,1.44049134512928,8.224979744878537,0.6651612903225806,,,1.0072780227815676,1.104210316290254,-0.0969322935086864,2.943638885381452,0.7288117441351393,7.602393857515588,6.940054991255812,A5,D2,0.4943266416407625,0.5056733583592375,0.1751361571469198,may,2,48626
R2,31,31000,1.4728171526015916,8.203774383007481,0.6623548387096774,,,1.0461189446613386,1.1346040506674473,-0.0884851060061087,1.8588218910871133,0.7654404720571747,7.815577173900663,6.960330467844614,A5,D2,0.4943266416407625,0.5056733583592375,0.1795292122674954,may,3,48627
R2,31,31000,1.471311709386189,8.21224399475425,0.6600645161290323,,,1.0067840486527484,1.09191652232134,-0.0851324736685916,1.2331130427388302,0.6140405572989539,9.000615540265876,7.028873312922202,A5,D6,0.0,1.0,0.1791607397839155,may,4,48628
R2,31,31000,1.466240175267966,8.15252817745827,0.6748064516129032,,,1.0389549933088646,1.1115430611264294,-0.0725880678175647,1.13168585947045,0.8568035057741212,8.291622082358721,6.999681135726697,A2,D3,0.0,1.0,0.1798509791505067,may,5,48629
R2,31,31000,1.470799251293208,8.19845102239112,0.676258064516129,,,1.0302939968096685,1.0890934118875473,-0.058799415077879,1.2652488858752304,0.5677145715076045,9.014643274068176,6.5893497753351165,A5,D6,0.0,1.0,0.1793996508945712,may,6,48630
R2,31,31000,1.469342828051826,8.204789207673224,0.66,,,1.01281045977913,1.080576721122272,-0.0677662613431417,1.1900362074385624,0.4372632844637661,9.039024551650725,7.209909990728642,A5,D6,0.0,1.0,0.1790835560623151,may,7,48631
R2,31,31000,1.4249970699220256,8.257963134863935,0.6516774193548387,,,1.005191562942605,1.1247513596039411,-0.1195597966613362,1.7197737587066333,0.902115630208899,8.324449219436428,6.995434480543016,A5,D3,0.4943266416407625,0.5056733583592375,0.172560357396837,may,8,48632
R2,31,31000,1.4290077847546128,8.24398051235475,0.6607096774193548,,,1.031591948228708,1.112764008869691,-0.0811720606409829,2.5618150382182265,0.4603335498452222,7.966646774695644,6.778241021624108,A5,D3,0.4943266416407625,0.5056733583592375,0.1733395393903523,may,9,48633
R2,31,31000,1.474135220081093,8.199601534889776,0.670483870967742,,,1.016229001976308,1.0971252008414445,-0.0808961988651364,1.1891753251083903,0.6887644079560579,8.435257913022886,7.545885543902273,A3,D2,0.5056733583592375,0.4943266416407625,0.1797813239836793,may,10,48634
R3,31,31000,0.7451642171002175,9.06724348596248,0.5650967741935484,,,1.3170072005535025,0.7030283178266478,0.6139788827268547,0.8093516408765408,0.5413506446808873,8.82214083338778,6.963702372473339,A2,D5,0.0,1.0,0.0821820014267675,may,1,25633
R3,31,31000,0.7309713514859253,9.06874053585116,0.5600322580645162,,,1.3877997391239758,0.7303464156047842,0.6574533235191916,0.7513772207723481,0.3649739946731516,9.342797644521506,7.085221702809138,A5,D5,0.0,1.0,0.0806034033718574,may,2,25634
R3,31,31000,0.7342093775371287,9.077388639467369,0.5628709677419355,,,1.3629133725743134,0.68929811391776,0.6736152586565535,1.150772498601928,0.5049462020801716,8.735086993300722,6.993857934874442,A5,D5,0.0,1.0,0.0808833252269134,may,3,25635
R3,31,31000,0.6738980709617418,9.129767884707883,0.5564516129032258,,,1.4345124131845444,0.6652709025684789,0.7692415106160655,0.9918185189364762,0.4514507232775968,8.734184534714721,7.821212218925295,A4,D5,0.2294306629054702,0.7705693370945298,0.0738132753725867,may,4,25636
R3,31,31000,0.7224742042000438,9.084578880661647,0.5628387096774193,,,1.3531620930621295,0.6944836691501785,0.6586784239119511,0.8749937792396196,0.4963701293274439,8.809712447883076,7.500772041950368,A2,D5,0.5056733583592375,0.4943266416407625,0.0795275393268889,may,5,25637
R3,31,31000,0.717746145553533,9.079043881463791,0.5479677419354839,,,1.4246052928457535,0.7321771800737163,0.6924281127720372,1.0798991302037078,0.5039902567933066,9.015049679380164,6.895638510890672,A5,D5,0.4943266416407625,0.5056733583592375,0.0790552568006547,may,6,25638
R3,31,31000,0.7438746441176481,9.061959934344625,0.5708709677419355,,,1.3328579612079925,0.7151277037143942,0.6177302574935983,1.0480440001579945,0.5458002332087993,8.762768344129965,6.766419809121062,A4,D5,0.0,1.0,0.0820876112350022,may,7,25639
R3,31,31000,0.7195893726694969,9.079148654358995,0.5641935483870968,,,1.4078158424907432,0.7085178151038376,0.6992980273869056,1.1760559674062392,0.424833449212203,8.339580442172144,6.749155916256785,A3,D5,0.2294306629054702,0.7705693370945298,0.0792573621232663,may,8,25640
R3,31,31000,0.731126632814863,9.071534597258225,0.5634838709677419,,,1.4089880573720317,0.7097391875991508,0.6992488697728807,1.4183909100348695,0.566058454750569,9.041535229353208,6.421821914953579,A3,D2,0.2294306629054702,0.7705693370945298,0.0805956946949018,may,9,25641
R3,31,31000,0.6860377167506904,9.096947711930165,0.5537741935483871,,,1.4062623910246752,0.6895114260823811,0.7167509649422941,0.6965369777530563,0.3314260439550831,9.38689371432512,5.870186562820239,A4,D5,0.0,1.0,0.0754140551836951,may,10,25642
R0,31,31000,1.3504786459619469,8.385352296679791,0.672258064516129,,,0.8876054345867839,0.9903116730797074,-0.1027062384929234,2.547836828231147,0.4394927004868481,8.461821335669912,7.468612080445479,A5,D2,0.4316433143031802,0.5683566856968199,0.1610521058842898,august,1,6953
R0,31,31000,1.3109484487507748,8.437667402057164,0.6650967741935484,,,0.868438614847703,0.9603427983082888,-0.0919041834605857,2.8000947068821023,0.8027485349208405,8.280206844836448,7.570829538101422,A5,D2,0.4316433143031802,0.5683566856968199,0.1553685854494758,august,2,6954
R0,31,31000,1.2849403573400011,8.442247996358606,0.6694516129032259,,,0.924269789744154,0.9920231563989128,-0.0677533666547588,2.4149922613268373,0.4158136435425881,8.313917588617306,7.344437550906845,A5,D3,0.4316433143031802,0.5683566856968199,0.152203578702525,august,3,6955
R0,31,31000,1.3338079659612878,8.402826199397193,0.6658709677419354,,,0.9365175799785171,1.0239940542401866,-0.0874764742616694,2.67503520276242,0.6271127565055824,8.625804106705255,7.523555770146597,A5,D2,0.4316433143031802,0.5683566856968199,0.1587332564437633,august,4,6956
R0,31,31000,1.3335754688200072,8.390798658700913,0.6759032258064516,,,0.9334157776202944,0.9445633196291048,-0.0111475420088106,2.744015059468282,0.3265431896008574,9.033144904427267,7.531671205474134,A5,D2,0.4316433143031802,0.5683566856968199,0.1589330793245937,august,5,6957
R0,31,31000,1.3167295667811012,8.417664320073651,0.6631290322580645,,,0.913926636588384,0.9989827800388068,-0.0850561434504229,1.306466347057872,0.5755876079291015,8.299860248720671,7.340091114780185,A3,D6,0.5683566856968199,0.4316433143031802,0.1564245753588782,august,6,6958
R0,31,31000,1.3243372475459148,8.40924546193929,0.6769032258064516,,,0.9196414828321228,0.9466432782317032,-0.0270017953995804,1.4424502682058682,0.8421008685772718,8.490343474201689,7.414443341723281,A2,D6,0.0,1.0,0.1574858592890335,august,7,6959
R0,31,31000,1.2984585194954792,8.43961819996885,0.6752903225806451,,,0.8575759187699507,0.9447313017128725,-0.0871553829429218,1.1844533395701695,0.8245843083200726,8.13476485699825,7.369254657769795,A4,D6,0.5683566856968199,0.4316433143031802,0.1538527559813395,august,8,6960
R0,31,31000,1.342052754608927,8.412553115051946,0.6663870967741935,,,0.9054372562510054,0.994366723561902,-0.0889294673108965,2.719060642551729,0.5774951901686537,8.370671432346619,7.38229114153868,A5,D2,0.4316433143031802,0.5683566856968199,0.159529780823338,august,9,6961
R0,31,31000,1.332993310608066,8.39909873673234,0.6661290322580645,,,0.9418359641642536,1.0516714118226262,-0.1098354476583725,2.6622090483129845,0.9307201390806304,7.486127818458082,7.0723177768937004,A5,D3,0.4316433143031802,0.5683566856968199,0.1587067079921798,august,10,6962
R1,31,31000,0.7836816503389206,9.012223451184354,0.5879677419354838,,,1.3668506959673117,0.7739403037975143,0.5929103921697971,2.202106466386744,0.4912693120915928,8.331460696026852,7.734530680552113,A5,D2,0.4316433143031802,0.5683566856968199,0.0869576364349834,august,1,26929
R1,31,31000,0.7683347649915119,9.027654525201044,0.583741935483871,,,1.2949027385718248,0.7466362487752422,0.5482664897965827,1.1458199106148808,0.3761598359839457,8.982013437834137,7.3741515271551235,A5,D5,0.0,1.0,0.0851090128500903,august,2,26930
R1,31,31000,0.7772777341265082,9.001689131648039,0.5879354838709677,,,1.3397421488470458,0.7751619411772493,0.5645802076697964,0.4993813936655456,0.4485993354611673,9.145118142022326,7.439682863213258,A2,D5,0.0,1.0,0.0863479867788106,august,3,26931
R1,31,31000,0.7545294568551973,9.040926904781756,0.5841290322580646,,,1.375273729514762,0.7912353125075244,0.5840384170072375,0.6308491982320414,0.435092916137533,9.334158408641969,7.249068618103466,A4,D5,0.0,1.0,0.0834570907166748,august,4,26932
R1,31,31000,0.7608643855852647,9.035186527049342,0.5733870967741935,,,1.374734631392259,0.7913148532810955,0.5834197781111635,1.2014840415035,0.4420302493871563,8.702426346708409,7.701993977446992,A5,D5,0.4316433143031802,0.5683566856968199,0.0842112537806945,august,5,26933
R1,31,31000,0.7830113397964097,9.011798480661415,0.5864516129032258,,,1.3958325585236715,0.7703222970073982,0.6255102615162733,0.6083324671507417,0.4447500316890092,9.22385799718884,7.914363416992014,A4,D5,0.0,1.0,0.0868873556678712,august,6,26934
R1,31,31000,0.7685988515575046,9.015897108873922,0.5878064516129032,,,1.3950505090368626,0.7469336740133685,0.648116835023494,0.893643825508943,0.5673921170912282,9.21502130433938,7.661485820112384,A5,D5,0.0,1.0,0.0852492926966756,august,7,26935
R1,31,31000,0.7708123087239621,8.999500395312399,0.5790645161290322,,,1.4047035110331263,0.7562423809819857,0.6484611300511408,0.52269759433074,0.4769886835579095,9.428112421645595,7.452825972652695,A1,D5,0.0,1.0,0.0856505666831747,august,8,26936
R1,31,31000,0.7734556052590671,9.014400243463944,0.5716451612903226,,,1.4147968855666302,0.76543866944771,0.6493582161189202,1.03359184892687,0.5195315898131683,9.272477841719793,7.419864915482579,A5,D5,0.0,1.0,0.0858022258130678,august,9,26937
R1,31,31000,0.7799215824250564,9.002176573218303,0.5765806451612904,,,1.4096978609968205,0.7323615858421884,0.6773362751546319,0.7915998057318289,0.5003309122792041,9.30597660481223,7.626046333245628,A4,D5,0.0,1.0,0.0866370011831741,august,10,26938
R2,31,31000,1.488743843831656,8.19783122869231,0.6824193548387096,,,0.971585226151018,1.0543953833054631,-0.082810157154445,1.7161933340780136,0.7277230392080729,8.832098089863855,7.150494723299327,A5,D6,0.0,1.0,0.1816021582172941,august,1,23185
R2,31,31000,1.466044995745998,8.223703768995566,0.669741935483871,,,0.9583494051749722,1.0648764783505456,-0.1065270731755733,1.7764429122562126,0.8012617839652838,8.179412585739916,7.127532865297725,A3,D3,0.5683566856968199,0.4316433143031802,0.1782706474998745,august,2,23186
R2,31,31000,1.4529218411842706,8.224022431897396,0.6764193548387096,,,0.9953316515517432,1.0710959714177088,-0.0757643198659657,2.801620651857957,0.7055881191920144,8.220362205567312,7.304785165670435,A5,D2,0.4316433143031802,0.5683566856968199,0.1766680299349647,august,3,23187
R2,31,31000,1.4096882187062978,8.263660879018285,0.6721612903225807,,,1.0045373439265366,1.0697299225140615,-0.0651925785875251,2.723019209871482,0.7957936066414077,8.707339142253067,7.310198406337268,A5,D2,0.4316433143031802,0.5683566856968199,0.1705888273181132,august,4,23188
R2,31,31000,1.4568299814458654,8.203723654404524,0.6786774193548387,,,0.9890735029332308,1.0533526188429967,-0.0642791159097658,1.294627657268143,0.864506669028942,8.210354393103692,7.218369838616263,A3,D3,0.0,1.0,0.177581552331264,august,5,23189
R2,31,31000,1.437911943403203,8.231132472683564,0.6742258064516129,,,1.005956994094215,1.0592256710364634,-0.0532686769422483,2.19085287538522,0.5739986536657932,8.258010467387116,7.458337801751087,A5,D2,0.4316433143031802,0.5683566856968199,0.174691872372989,august,6,23190
R2,31,31000,1.437044883297983,8.235427606319844,0.6809354838709677,,,0.9524634993111084,1.0587353257647818,-0.1062718264536735,2.76337979781359,0.884542418782758,8.082687192285789,7.130609654290526,A5,D2,0.4316433143031802,0.5683566856968199,0.1744954788012706,august,7,23191
R2,31,31000,1.4080802289020595,8.269336598109453,0.6798709677419355,,,0.9145063823167686,1.06156417652646,-0.1470577942096914,1.316711191335232,0.8842127816216222,8.261366419096243,7.65756299153794,A3,D2,0.5683566856968199,0.4316433143031802,0.1702772903480524,august,8,23192
R2,31,31000,1.4459820358330728,8.223981301108116,0.6769032258064516,,,0.973994695508072,1.051875360706347,-0.0778806651982746,1.8853346482645943,0.7670542135451258,8.00942513712372,6.709893685346168,A5,D2,0.4316433143031802,0.5683566856968199,0.1758250636632938,august,9,23193
R2,31,31000,1.4897785361864573,8.186922911565377,0.6784516129032258,,,0.93261614193984,1.057821359710197,-0.1252052177703569,1.0697781016516434,0.8676270358056416,8.862442027435124,7.758881699209496,A3,D6,0.0,1.0,0.181970509833664,august,10,23194
R3,31,31000,0.7730492330067232,9.042649567693855,0.5744516129032258,,,1.3440313404301625,0.754632968544965,0.5893983718851973,0.5727489049537233,0.4945368963250963,9.727286045948574,7.565393295281425,A2,D5,0.0,1.0,0.0854892393230133,august,1,2633
R3,31,31000,0.7754060632094962,9.030821847363413,0.5808709677419355,,,1.3354732998548753,0.7404530529466239,0.5950202469082514,0.9522178308315196,0.4916209222457923,8.649689162679119,6.14787875969941,A4,D5,0.0,1.0,0.0858621813512885,august,2,2634
R3,31,31000,0.7445444870111243,9.053408791705458,0.5673548387096774,,,1.4136624520823615,0.7161073543243233,0.6975550977580383,0.9240772465100592,0.5369541023536825,8.74734668413759,6.638403286931156,A3,D3,0.0,1.0,0.0822391327002996,august,3,2635
R3,31,31000,0.7489555455116552,9.041320838892265,0.5726129032258065,,,1.3748098857118556,0.7577123414496769,0.6170975442621787,0.8652826146899132,0.4895587940669397,9.08013838368854,7.332085173442399,A4,D5,0.0,1.0,0.0828369614193911,august,4,2636
R3,31,31000,0.7554539611399362,9.033422331313046,0.5792258064516129,,,1.3686495581923774,0.8079371410146661,0.5607124171777114,1.3993749121804628,0.4883663792752153,9.194861065689755,6.679420101427049,A5,D2,0.4316433143031802,0.5683566856968199,0.0836287658688628,august,5,2637
R3,31,31000,0.7829649040995291,9.02396931558149,0.560741935483871,,,1.350266821127178,0.7476126648862955,0.6026541562408825,0.8867247813273195,0.5007840370136514,9.084168974289874,7.373309505061495,A4,D5,0.0,1.0,0.0867650228760863,august,6,2638
R3,31,31000,0.7609134204483995,9.050162706457243,0.5602903225806452,,,1.3250532956551713,0.7643712728541739,0.5606820228009973,1.261989025074193,0.4899735717513084,8.870275687284565,6.963906071844005,A5,D5,0.4316433143031802,0.5683566856968199,0.0840773193950968,august,7,2639
R3,31,31000,0.7940728868656799,9.010051859247518,0.5565806451612904,,,1.3628523612918115,0.7128105738530597,0.6500417874387519,1.0597698702145908,0.4643340163060419,9.44720724450814,7.223293000245007,A5,D5,0.4316433143031802,0.5683566856968199,0.0881318886140126,august,8,2640
R3,31,31000,0.7646675086108484,9.040164717656584,0.5731290322580646,,,1.3346572076793222,0.7337989632532793,0.6008582444260429,0.8643645641077513,0.3819036796218798,8.686327688953302,7.129132494828484,A4,D5,0.0,1.0,0.0845855725523846,august,9,2641
R3,31,31000,0.773247704057454,9.033191167354577,0.5678064516129032,,,1.3896878199455127,0.7681809014384745,0.6215069185070382,0.7813240051263368,0.5612228747453611,9.096640569325068,7.657219033019537,A3,D2,0.0,1.0,0.085600724011236,august,10,2642
